seed,trial,snr,normalization_mode,tau,symbols,max_points,max_persistence,mean_persistence,persistence_entropy,normalized_entropy,h1_bar_count
0,0,30,shape_normalized,15,1000,200,0.47548842795823465,0.08763348097120299,1.8134181285204787,0.5565882125830741,26
0,1,30,shape_normalized,15,1000,200,0.5074864820297487,0.16734800440405267,2.040249116698352,0.6810518866153216,20
0,2,30,shape_normalized,15,1000,200,0.4991139029092434,0.05845635355965255,1.092593367745404,0.38563752003976337,17
0,3,30,shape_normalized,15,1000,200,0.49507375917180263,0.04835432715849445,1.0327905851362364,0.33922909298987386,21
0,4,30,shape_normalized,15,1000,200,0.49226847341493274,0.0873624840240777,1.739230682466546,0.5626680023682396,22
0,5,30,shape_normalized,15,1000,200,0.5008756069211507,0.09029258271259168,1.6682407584711083,0.5397016649378658,22
0,6,30,shape_normalized,15,1000,200,0.48562691230209676,0.056457734044711695,1.4453578743433417,0.4436203339822007,26
0,7,30,shape_normalized,15,1000,200,0.46159997071274994,0.03700768294247966,1.0562749985407547,0.3323653578344548,24
0,8,30,shape_normalized,15,1000,200,0.5010741428799,0.0838629715615428,1.644584725923493,0.5174817085283409,24
0,9,30,shape_normalized,15,1000,200,0.493973654474543,0.1060573054653129,1.8908386284481218,0.5874220477348,25
0,0,25,shape_normalized,15,1000,200,0.02025092915923006,0.007562735080295644,2.982653880641614,0.9154590251806553,26
0,1,25,shape_normalized,15,1000,200,0.4039734129168717,0.04470263308748274,1.7923027711292832,0.5219305327603866,31
0,2,25,shape_normalized,15,1000,200,0.40622905949248644,0.030636199222658096,1.4494995116634193,0.42617329987330904,30
0,3,25,shape_normalized,15,1000,200,0.4646252603703851,0.085644330161955,1.9150302105799804,0.6107586487805062,23
0,4,25,shape_normalized,15,1000,200,0.5209155484703244,0.06776213450758123,2.1792073279603335,0.6179763279302068,34
0,5,25,shape_normalized,15,1000,200,0.4798936303721083,0.0447171452509113,1.4114979954273204,0.4566414136091124,22
0,6,25,shape_normalized,15,1000,200,0.049697036485106594,0.009595455442326444,2.9774830890043718,0.8842356713922376,29
0,7,25,shape_normalized,15,1000,200,0.5075632664823913,0.04410025059071353,1.5288870936103847,0.45882150658573995,28
0,8,25,shape_normalized,15,1000,200,0.5184221832877819,0.04056291397858459,1.5431719570759912,0.4794133234820196,25
0,9,25,shape_normalized,15,1000,200,0.4449721641425952,0.04545019909566595,1.8487584134364332,0.5242681230495193,34
0,0,20,shape_normalized,15,1000,200,0.49818086868146005,0.024506310966096373,2.6854067410752247,0.6974815043149231,47
0,1,20,shape_normalized,15,1000,200,0.44786561763771904,0.05019202443975104,2.542113867673917,0.6801333791619215,42
0,2,20,shape_normalized,15,1000,200,0.49704087882097037,0.06201555384026744,2.183875079025885,0.5961070919423535,39
0,3,20,shape_normalized,15,1000,200,0.2892081708980936,0.04240993447778054,2.3761010695360167,0.6986072264864626,30
0,4,20,shape_normalized,15,1000,200,0.4127120156805968,0.04670920343075003,2.5600101621417437,0.6612961080885228,48
0,5,20,shape_normalized,15,1000,200,0.40244314628790234,0.03945865850740078,2.187904182993694,0.6153839638634797,35
0,6,20,shape_normalized,15,1000,200,0.44125093085794775,0.0537888121235429,2.0957524510870336,0.6289387235049511,28
0,7,20,shape_normalized,15,1000,200,0.39930475268728705,0.0345433094332482,2.4501657468968023,0.6837317700774895,36
0,8,20,shape_normalized,15,1000,200,0.5221231882828217,0.06939379562471662,2.4157358682312933,0.6505154134184319,41
0,9,20,shape_normalized,15,1000,200,0.3464263133045473,0.0416054207763965,2.1610041726991693,0.6417624948348687,29
0,0,15,shape_normalized,15,1000,200,0.28530120263699366,0.04187662761105312,3.4496231204755343,0.8730474165015605,52
0,1,15,shape_normalized,15,1000,200,0.3971129254831748,0.03866931163803125,3.0041431050459244,0.7987192950758385,43
0,2,15,shape_normalized,15,1000,200,0.17388013222273413,0.03140098896787805,3.431409708788775,0.8962473508058013,46
0,3,15,shape_normalized,15,1000,200,0.531240906165626,0.04247479493787482,3.138505040811746,0.7665463893220562,60
0,4,15,shape_normalized,15,1000,200,0.39356454934793295,0.054109645195095875,3.1389504489212836,0.7869047387203446,54
0,5,15,shape_normalized,15,1000,200,0.05767543891617996,0.023663598162508518,3.312277135611265,0.9105700841627377,38
0,6,15,shape_normalized,15,1000,200,0.2851667268612821,0.04224979664374203,3.294366677468703,0.8337543599187154,52
0,7,15,shape_normalized,15,1000,200,0.44738881977347955,0.041876839221878265,3.0016592835279505,0.7885278223625914,45
0,8,15,shape_normalized,15,1000,200,0.48435738029207775,0.05985798768877357,2.784717861574579,0.740380138231778,43
0,9,15,shape_normalized,15,1000,200,0.45258727865858694,0.053589569673489504,2.916546378208641,0.7754297268149564,43
0,0,10,shape_normalized,15,1000,200,0.26301351184527977,0.04354746403745725,3.5842382147638903,0.8944198171422982,55
0,1,10,shape_normalized,15,1000,200,0.2284305302257006,0.038329867269323345,3.6342207252214043,0.8643249469560055,67
0,2,10,shape_normalized,15,1000,200,0.2678682169486615,0.04804421486751978,3.654098273484587,0.8786249096795229,64
0,3,10,shape_normalized,15,1000,200,0.35882927814771104,0.05214827981596223,3.59827269705122,0.9062992785918188,53
0,4,10,shape_normalized,15,1000,200,0.30860683653784915,0.052963646305468445,3.716869707487378,0.8937182491037421,64
0,5,10,shape_normalized,15,1000,200,0.28790932967569427,0.05058721715322531,3.6428080162143175,0.8971454609146454,58
0,6,10,shape_normalized,15,1000,200,0.28998784622073326,0.04581857133952416,3.5958318043633724,0.8893856560689354,57
0,7,10,shape_normalized,15,1000,200,0.35433287304726513,0.057236210002264185,3.480485289997316,0.8766320879623716,53
0,8,10,shape_normalized,15,1000,200,0.2362068897605234,0.04946206451431683,3.6429280541438223,0.909065427244351,55
0,9,10,shape_normalized,15,1000,200,0.3256058635136865,0.057120756404854915,3.8072741747147605,0.8991918768649163,69
0,0,5,shape_normalized,15,1000,200,0.3530739190480734,0.07704842404021431,4.116818341014589,0.9148872158213825,90
0,1,5,shape_normalized,15,1000,200,0.45410376440402656,0.07495919172242094,4.090996181848996,0.916050235059799,87
0,2,5,shape_normalized,15,1000,200,0.32282492747355396,0.06966328222391216,4.063967726838057,0.9099980606099848,87
0,3,5,shape_normalized,15,1000,200,0.31905587051927553,0.06036449075518163,3.877667442679065,0.8981304269308104,75
0,4,5,shape_normalized,15,1000,200,0.35085891168165706,0.06456804508047946,4.06371383259499,0.9171477894675859,84
0,5,5,shape_normalized,15,1000,200,0.20521403461778515,0.07347870422315901,4.149797381295415,0.9365761595872663,84
0,6,5,shape_normalized,15,1000,200,0.3572890343465095,0.07997281661266242,4.143747386161538,0.9163956508700334,92
0,7,5,shape_normalized,15,1000,200,0.2299278980533398,0.06407216996348544,4.055831543894026,0.9203743910874144,82
0,8,5,shape_normalized,15,1000,200,0.40021141410862726,0.06515247025906076,3.9248425792828323,0.895668353137458,80
0,9,5,shape_normalized,15,1000,200,0.23093007725110082,0.07073033736445668,4.1685492219756135,0.940808300416265,84
0,0,0,shape_normalized,15,1000,200,0.2887611394094167,0.0796621347380867,4.311170930296887,0.9263445766466332,105
0,1,0,shape_normalized,15,1000,200,0.3182053784293417,0.09202724029257098,4.24726121765824,0.9370475428226042,93
0,2,0,shape_normalized,15,1000,200,0.3084153768163498,0.0829452617951721,4.23924710927155,0.9165993575346423,102
0,3,0,shape_normalized,15,1000,200,0.252912617621619,0.08381348076528623,4.086800975896191,0.932628054690119,80
0,4,0,shape_normalized,15,1000,200,0.3879048164980473,0.08056169457826262,4.160721990901733,0.9179549168610055,93
0,5,0,shape_normalized,15,1000,200,0.24377220860516569,0.08052266865356555,4.352012185439406,0.9409811389461918,102
0,6,0,shape_normalized,15,1000,200,0.3224921399178289,0.07966964613323753,4.249796452240017,0.9208419231376254,101
0,7,0,shape_normalized,15,1000,200,0.2521617362775366,0.08345778383688367,4.3193270894358795,0.9319481463544576,103
0,8,0,shape_normalized,15,1000,200,0.3165977454830211,0.07840691857353685,4.258410942045263,0.9227085027369685,101
0,9,0,shape_normalized,15,1000,200,0.320743273086588,0.0873299547521901,4.269664893407777,0.9312312275431409,98
0,0,-5,shape_normalized,15,1000,200,0.35713407420333887,0.08126763153507131,4.35880011841392,0.9169490728437069,116
0,1,-5,shape_normalized,15,1000,200,0.3054378175825324,0.08018685392758411,4.429089444733412,0.9386649367826918,112
0,2,-5,shape_normalized,15,1000,200,0.2548317367505911,0.08839118320526446,4.383555221759464,0.9438385607399821,104
0,3,-5,shape_normalized,15,1000,200,0.24843808938474543,0.09306915172229957,4.3034593830833705,0.9386019427843737,98
0,4,-5,shape_normalized,15,1000,200,0.34082511217282374,0.08813775873180676,4.31558938805429,0.9311416911353754,103
0,5,-5,shape_normalized,15,1000,200,0.29031217471499005,0.0942045782190372,4.370121157855861,0.9352196095064323,107
0,6,-5,shape_normalized,15,1000,200,0.3885227947254105,0.10053106938784927,4.343460512170741,0.9240460919228861,110
0,7,-5,shape_normalized,15,1000,200,0.41774080575711225,0.08870655612632306,4.384131119693183,0.9291368376421512,112
0,8,-5,shape_normalized,15,1000,200,0.29886659915938407,0.09207877466727823,4.326747180044886,0.9316070231824779,104
0,9,-5,shape_normalized,15,1000,200,0.32312472087271427,0.08437908408904267,4.486162857720204,0.9386999235710086,119
0,0,30,physical_scale,15,1000,200,0.50597317868539,0.0628664866702731,1.7165585723237224,0.5268593340595497,26
0,1,30,physical_scale,15,1000,200,0.4645494936190725,0.05456472302688549,1.483967189660048,0.49536041747133214,20
0,2,30,physical_scale,15,1000,200,0.46883755284076256,0.07026833662153939,1.47374504731953,0.4840644394861284,21
0,3,30,physical_scale,15,1000,200,0.5124569079307977,0.116563976093643,1.8452570655368579,0.6159619408672107,20
0,4,30,physical_scale,15,1000,200,0.5209659917941318,0.07447356832110649,2.1144541611430134,0.5996137225286028,34
0,5,30,physical_scale,15,1000,200,0.11822065731829734,0.013247614410492136,1.9116902980305301,0.6015286084129138,24
0,6,30,physical_scale,15,1000,200,0.4840084233538925,0.09223428186063438,1.5111800433103704,0.5044442911841317,20
0,7,30,physical_scale,15,1000,200,0.47352408042770333,0.06015334841760266,1.6300375312700266,0.5003036319666225,26
0,8,30,physical_scale,15,1000,200,0.5093455177713927,0.08277707600638129,1.8373558198806184,0.5513934736808852,28
0,9,30,physical_scale,15,1000,200,0.5141449608294868,0.11199974709258974,2.102239703582569,0.6378470139910765,27
0,0,25,physical_scale,15,1000,200,0.3469899965514538,0.022043577064468238,2.018154044613118,0.5933657527475962,30
0,1,25,physical_scale,15,1000,200,0.4303085618648974,0.06244597293073547,2.19486039760865,0.6124874558509417,36
0,2,25,physical_scale,15,1000,200,0.4946238213679338,0.0647287042089251,2.078970334093935,0.5945848242987892,33
0,3,25,physical_scale,15,1000,200,0.4500612533377577,0.059866252310028026,2.1032745606493397,0.5824764260866682,37
0,4,25,physical_scale,15,1000,200,0.4281610512840056,0.0774796587977155,2.334575023244004,0.6676876804078334,33
0,5,25,physical_scale,15,1000,200,0.5077446034313211,0.04830807788263285,1.8217518852243382,0.5166096525035916,34
0,6,25,physical_scale,15,1000,200,0.4805294500627737,0.05034406873919583,1.6909886892388115,0.5074684594163463,28
0,7,25,physical_scale,15,1000,200,0.4712769569577695,0.07648874744050313,1.9905354867456813,0.5973629411602414,28
0,8,25,physical_scale,15,1000,200,0.4837218122226258,0.0508203782353373,1.9497604603420542,0.5529101312051133,34
0,9,25,physical_scale,15,1000,200,0.5097864090124239,0.06631703430070973,1.582369921555066,0.5046636391533441,23
0,0,20,physical_scale,15,1000,200,0.46715675051009264,0.05074086898652628,2.25321678843456,0.6194263694372655,38
0,1,20,physical_scale,15,1000,200,0.3967522799801789,0.05115228605401391,2.1708425789348924,0.6057851559367391,36
0,2,20,physical_scale,15,1000,200,0.3232855977819423,0.041498579313398974,2.57702384648154,0.7136755553089884,37
0,3,20,physical_scale,15,1000,200,0.03279979121611479,0.013389944444628283,3.240868852188213,0.9351170842446884,32
0,4,20,physical_scale,15,1000,200,0.4118986899927206,0.035998088825607524,2.275981175562942,0.630305432198616,37
0,5,20,physical_scale,15,1000,200,0.44819005988200733,0.07383714992415868,2.321973911665744,0.6699800494867434,32
0,6,20,physical_scale,15,1000,200,0.4078003054751633,0.03634056736402849,2.31106097289194,0.6353281740729337,38
0,7,20,physical_scale,15,1000,200,0.3812278682337922,0.04220926992263715,2.604893848349265,0.7014523487249935,41
0,8,20,physical_scale,15,1000,200,0.41160823765158905,0.02237775562091786,2.446288125540105,0.6587426018935773,41
0,9,20,physical_scale,15,1000,200,0.4790380428547988,0.034552929114024,2.53903948699114,0.6793108397197681,42
0,0,15,physical_scale,15,1000,200,0.4802951470072999,0.05551015874868706,2.8396074749153026,0.7549737816573691,43
0,1,15,physical_scale,15,1000,200,0.4789874141277265,0.050416450335007044,2.997303494204768,0.7784905422518097,47
0,2,15,physical_scale,15,1000,200,0.22173881188083322,0.03820362102212583,3.397716070139218,0.8478746121386239,55
0,3,15,physical_scale,15,1000,200,0.35071491019198453,0.034157257917592394,2.924841991425556,0.772911052133793,44
0,4,15,physical_scale,15,1000,200,0.2038020540112817,0.027341795374958375,3.2525617324082736,0.8544392210102455,45
0,5,15,physical_scale,15,1000,200,0.31649033163265017,0.03738918127153297,2.9525764335995635,0.785009130803749,43
0,6,15,physical_scale,15,1000,200,0.4704498797259371,0.046799164433396934,2.9863015286901904,0.771414741904562,48
0,7,15,physical_scale,15,1000,200,0.38593834422631956,0.06850640831874116,2.7084243486233697,0.7500653335650127,37
0,8,15,physical_scale,15,1000,200,0.3708609715404332,0.03708702698836161,2.9971588187947997,0.7622817232406351,51
0,9,15,physical_scale,15,1000,200,0.2692167967262835,0.030627477473025255,3.1545000917742794,0.7871818852994332,55
0,0,10,physical_scale,15,1000,200,0.4021788940251584,0.06158633194299357,3.718511957566366,0.8812667774026897,68
0,1,10,physical_scale,15,1000,200,0.24976259182979965,0.05552210787202412,3.720886795074579,0.912532832932242,59
0,2,10,physical_scale,15,1000,200,0.27198787635130584,0.052962614735932834,3.9341079219946056,0.9169432728494914,73
0,3,10,physical_scale,15,1000,200,0.4151884653864444,0.05554022873451411,3.7722190377080107,0.8909126479488066,69
0,4,10,physical_scale,15,1000,200,0.36516407792072325,0.06056024875025239,3.6476654816503586,0.8804119881535439,63
0,5,10,physical_scale,15,1000,200,0.2644149815862553,0.060128665079515704,3.6256669236184518,0.8855304844325838,60
0,6,10,physical_scale,15,1000,200,0.37585144307476004,0.049670777962556555,3.42726449370024,0.8673887863669149,52
0,7,10,physical_scale,15,1000,200,0.3534472660264667,0.0534346708220722,3.5487757231810084,0.8777469015577745,57
0,8,10,physical_scale,15,1000,200,0.2983613944956567,0.03958360801462186,3.5044909353442733,0.8667935930531179,57
0,9,10,physical_scale,15,1000,200,0.28920607556294464,0.05276819560097523,3.5938347925527463,0.8813738296687098,59
0,0,5,physical_scale,15,1000,200,0.22230962471248294,0.0645611981233445,3.9874719187149443,0.9235629175708232,75
0,1,5,physical_scale,15,1000,200,0.44531405546271574,0.08574004661815457,4.039606033970018,0.9166923979733577,82
0,2,5,physical_scale,15,1000,200,0.2571760851648246,0.07742735861995594,4.016630441871875,0.9219414474673254,78
0,3,5,physical_scale,15,1000,200,0.2597630708803548,0.07626210426535625,4.028247825906422,0.9330072764478369,75
0,4,5,physical_scale,15,1000,200,0.3878570801614969,0.0797710680111365,4.126546718207442,0.9338528099263339,83
0,5,5,physical_scale,15,1000,200,0.39819216265165247,0.08189693308759126,4.065776563904303,0.9151689676214325,85
0,6,5,physical_scale,15,1000,200,0.28373245549092896,0.07566417624911802,3.9917005282797167,0.9189409148479516,77
0,7,5,physical_scale,15,1000,200,0.3347927869098257,0.075112617055728,4.001148800139677,0.9296208847903398,74
0,8,5,physical_scale,15,1000,200,0.4588488069109399,0.07479806630210185,3.945249573571179,0.902917189260804,79
0,9,5,physical_scale,15,1000,200,0.4187899133930746,0.08266377667714883,4.100993112773204,0.9280699343482577,83
0,0,0,physical_scale,15,1000,200,0.3837620362339387,0.0991681732651797,4.262779111801803,0.927675283959557,99
0,1,0,physical_scale,15,1000,200,0.46923860667219874,0.11741987677185044,4.29154677742588,0.9130017452380961,110
0,2,0,physical_scale,15,1000,200,0.4240648825767841,0.10903018133485505,4.284310365449594,0.9283203655929481,101
0,3,0,physical_scale,15,1000,200,0.4904397487604598,0.10067201247421452,4.219187157268572,0.9202218285945052,98
0,4,0,physical_scale,15,1000,200,0.4591254490803679,0.10543542945422961,4.248259282907268,0.9205088507233429,101
0,5,0,physical_scale,15,1000,200,0.5238952130228116,0.11579710472984553,4.393342885785294,0.9259021555911621,115
0,6,0,physical_scale,15,1000,200,0.5747378404718534,0.1223359582758227,4.188645055272123,0.9156086745052555,97
0,7,0,physical_scale,15,1000,200,0.47923432458409354,0.12395544374991606,4.15113701946105,0.9180298788250996,92
0,8,0,physical_scale,15,1000,200,0.48738642361074713,0.10988295606647622,4.146693081426548,0.9127061483240807,94
0,9,0,physical_scale,15,1000,200,0.38434665315789984,0.11710281752945532,4.258275525346303,0.9287471601829126,98
0,0,-5,physical_scale,15,1000,200,0.9008369415164206,0.20192778423809749,4.257027173528577,0.9224086690681323,101
0,1,-5,physical_scale,15,1000,200,0.5813757197020535,0.16042863775004804,4.313270933987509,0.9287054056507003,104
0,2,-5,physical_scale,15,1000,200,0.5537284341176698,0.17809723982220527,4.277446601909747,0.9288357279226093,100
0,3,-5,physical_scale,15,1000,200,0.6742699636730436,0.18773530846452838,4.3295785865369,0.9341600334199267,103
0,4,-5,physical_scale,15,1000,200,0.6197825931684755,0.18683267559803807,4.293703839537797,0.9323659422190353,100
0,5,-5,physical_scale,15,1000,200,0.6463691164903898,0.16717208655837573,4.37242972404856,0.9302091241288372,110
0,6,-5,physical_scale,15,1000,200,0.6156139520424739,0.1599712069635944,4.472247552157731,0.9325360458587852,121
0,7,-5,physical_scale,15,1000,200,0.8003835371748997,0.18507531690899903,4.2419794001148325,0.921134122908569,100
0,8,-5,physical_scale,15,1000,200,0.6289113118901928,0.1809975071330213,4.384291439317387,0.9291708144700739,112
0,9,-5,physical_scale,15,1000,200,0.6554716148463853,0.17028213915292467,4.316269595178416,0.9274401306475082,105
1,0,30,shape_normalized,15,1000,200,0.45017354545751453,0.04149039684740086,1.3725961900674284,0.42128775929425155,26
1,1,30,shape_normalized,15,1000,200,0.4940980989863253,0.12904261186162067,2.1696662095459045,0.6827027877335737,24
1,2,30,shape_normalized,15,1000,200,0.42239469104405825,0.02245082510864942,0.9770103942855282,0.3115969371979875,23
1,3,30,shape_normalized,15,1000,200,0.515241869824865,0.10064898925866572,1.5890093551718512,0.5304243537379687,20
1,4,30,shape_normalized,15,1000,200,0.48909688188535283,0.0859368240214799,1.8723089477565378,0.5746634348942649,26
1,5,30,shape_normalized,15,1000,200,0.5033489620400424,0.06863223308551138,1.3263048975109064,0.44273145141152515,20
1,6,30,shape_normalized,15,1000,200,0.5241362872414796,0.1075417251910459,2.2164911966175085,0.6339157452552122,33
1,7,30,shape_normalized,15,1000,200,0.5203261431106644,0.1026005155892552,1.9466952169495835,0.584206404800535,28
1,8,30,shape_normalized,15,1000,200,0.48714298720684457,0.09692082849328879,1.8063672031080968,0.6029801858645769,20
1,9,30,shape_normalized,15,1000,200,0.5061649454141696,0.06837503624417335,1.4693702247818645,0.4826274907931384,21
1,0,25,shape_normalized,15,1000,200,0.5766823546797708,0.09438722501491104,2.0236517646549124,0.6073011900906738,28
1,1,25,shape_normalized,15,1000,200,0.40932387464297193,0.03878607370190422,1.413821702673766,0.4509087261239946,23
1,2,25,shape_normalized,15,1000,200,0.5007927605666601,0.08674511289086675,2.2566211578703084,0.6511232307249208,32
1,3,25,shape_normalized,15,1000,200,0.4817126575383316,0.0512902008586966,2.178053340596321,0.6077973572911249,36
1,4,25,shape_normalized,15,1000,200,0.39979540282984616,0.0502696836791323,1.8614366192862295,0.5472886193910189,30
1,5,25,shape_normalized,15,1000,200,0.5253928848627519,0.08410712260872366,2.1932512898303993,0.6219588934597465,34
1,6,25,shape_normalized,15,1000,200,0.5297963084125147,0.03666662302842265,1.5389583938762768,0.4481549587215224,31
1,7,25,shape_normalized,15,1000,200,0.49487948892874334,0.08768000187108595,2.459334403939601,0.6760896638458149,38
1,8,25,shape_normalized,15,1000,200,0.49538235789316154,0.041429905297226385,1.5528188012406237,0.4611471280344445,29
1,9,25,shape_normalized,15,1000,200,0.4661183437233023,0.027284428206414944,1.3907286340033242,0.43760386332130247,24
1,0,20,shape_normalized,15,1000,200,0.48832316185900826,0.05882577394603748,2.3591670734622525,0.6311866254636405,42
1,1,20,shape_normalized,15,1000,200,0.46800751227972237,0.05981162173820569,2.4255137545323806,0.6768525006253675,36
1,2,20,shape_normalized,15,1000,200,0.5013783676291268,0.08015361038366947,2.529581655664479,0.6954011656605683,38
1,3,20,shape_normalized,15,1000,200,0.4124596361834245,0.06532329917652452,2.326520456575067,0.6909165615497502,29
1,4,20,shape_normalized,15,1000,200,0.4057400520615154,0.04551743961155068,2.2504779668819674,0.628007834068136,36
1,5,20,shape_normalized,15,1000,200,0.39791204106841105,0.041676904178639305,2.927248540889222,0.764565870173566,46
1,6,20,shape_normalized,15,1000,200,0.4657391666436519,0.046883688094908144,2.364535802599041,0.6500288099779054,38
1,7,20,shape_normalized,15,1000,200,0.33384804690037073,0.035373962453522825,2.734105348261752,0.6988980751053946,50
1,8,20,shape_normalized,15,1000,200,0.5175019861963344,0.07411459785123094,2.1833531792617595,0.6358070223471048,31
1,9,20,shape_normalized,15,1000,200,0.465276480405706,0.05863598108708289,2.528417683383529,0.6567066889229187,47
1,0,15,shape_normalized,15,1000,200,0.46903812745456175,0.06478246551588679,2.8165947273342566,0.7443059148222104,44
1,1,15,shape_normalized,15,1000,200,0.30516796985254047,0.040939296792216126,3.2761627270518345,0.817541885243011,55
1,2,15,shape_normalized,15,1000,200,0.2876264440508872,0.048684533337408194,3.289399878564206,0.8452085724927023,49
1,3,15,shape_normalized,15,1000,200,0.37593985984188305,0.034472415859800445,3.1196671091883506,0.778489575232905,55
1,4,15,shape_normalized,15,1000,200,0.32398876460355497,0.04445514802296164,3.1948716798589567,0.8442683874039613,44
1,5,15,shape_normalized,15,1000,200,0.09079917299204282,0.020837134273387715,3.7112963801013032,0.8992429210808833,62
1,6,15,shape_normalized,15,1000,200,0.35665243592702744,0.0411843819938255,2.95614806810954,0.7721141162032984,46
1,7,15,shape_normalized,15,1000,200,0.41485375415953374,0.047424747458445604,3.170395024995435,0.7841589965030278,57
1,8,15,shape_normalized,15,1000,200,0.46828803645797423,0.045871692664989736,3.1048978475905327,0.7679590591126759,57
1,9,15,shape_normalized,15,1000,200,0.5138957775657462,0.05015004576903232,2.633074652028846,0.7090409462191013,41
1,0,10,shape_normalized,15,1000,200,0.382618600456858,0.04811520513015676,3.6473102286301544,0.870551502023302,66
1,1,10,shape_normalized,15,1000,200,0.21351494764638113,0.048412791462225116,3.8170700863639495,0.8984522445934758,70
1,2,10,shape_normalized,15,1000,200,0.26371338443173764,0.04295958410572538,3.7494058516410806,0.9120702739915079,61
1,3,10,shape_normalized,15,1000,200,0.3548729589533798,0.060853987588781154,3.6494314061660083,0.8679424958047504,67
1,4,10,shape_normalized,15,1000,200,0.18943657411475667,0.047175922919860995,3.6648218823735395,0.9064495203238939,57
1,5,10,shape_normalized,15,1000,200,0.23990017330116664,0.048055490551508304,3.712622304254402,0.8893813784429303,65
1,6,10,shape_normalized,15,1000,200,0.2568215540420331,0.04022834260855095,3.759137151599067,0.8878230029210447,69
1,7,10,shape_normalized,15,1000,200,0.35865533145762696,0.04403453723555608,3.591811770102623,0.8702919350331211,62
1,8,10,shape_normalized,15,1000,200,0.26664580509844293,0.03894719189533657,3.6485607460093683,0.8947951542327345,59
1,9,10,shape_normalized,15,1000,200,0.15612681681592755,0.03728567745616198,3.9118659562402542,0.9207650552418356,70
1,0,5,shape_normalized,15,1000,200,0.3398987827121217,0.07336924729534475,4.052238632828984,0.9221266398134117,81
1,1,5,shape_normalized,15,1000,200,0.21170988020799097,0.06538043574229052,4.122901752859085,0.9408664292990815,80
1,2,5,shape_normalized,15,1000,200,0.2902785650450197,0.06252869679596891,4.0257458096584795,0.9085787096206326,84
1,3,5,shape_normalized,15,1000,200,0.38140547563413485,0.0576651228661777,3.9850044167228433,0.9201685034847633,76
1,4,5,shape_normalized,15,1000,200,0.2459823040438307,0.05747852964143479,4.024612937018814,0.9210804369129817,79
1,5,5,shape_normalized,15,1000,200,0.29979460382852496,0.06129944188413281,4.051604173626783,0.9245959715460085,80
1,6,5,shape_normalized,15,1000,200,0.31285551145563373,0.061443916629514206,4.14896193247316,0.9220305382757767,90
1,7,5,shape_normalized,15,1000,200,0.4260584570398922,0.07572405251567894,4.006640498633695,0.9067175882208519,83
1,8,5,shape_normalized,15,1000,200,0.23113127504567288,0.06858725942849662,3.9781782648880593,0.9332575702703891,71
1,9,5,shape_normalized,15,1000,200,0.22978607873994938,0.06546162020607352,4.179097184327297,0.931039371446497,89
1,0,0,shape_normalized,15,1000,200,0.2689592183286462,0.08218907483408135,4.227972678107566,0.9263037132028931,96
1,1,0,shape_normalized,15,1000,200,0.35035378541856477,0.08337120531369537,4.183987656280326,0.912544674688399,98
1,2,0,shape_normalized,15,1000,200,0.2708431934459986,0.07737199292544454,4.314153810590269,0.9327954962672993,102
1,3,0,shape_normalized,15,1000,200,0.3645004444250294,0.08246077315581765,4.3019559995637575,0.9224857262519611,106
1,4,0,shape_normalized,15,1000,200,0.4227768462885587,0.09092349212378445,4.23117133450182,0.9168062500343486,101
1,5,0,shape_normalized,15,1000,200,0.3868017338260805,0.07903067282993347,4.313848674792767,0.9125226954550526,113
1,6,0,shape_normalized,15,1000,200,0.34000329381317607,0.07499191560012707,4.337711709463463,0.9359148551036147,103
1,7,0,shape_normalized,15,1000,200,0.3036560486278387,0.0802073797185774,4.095061859066552,0.9318714848964493,81
1,8,0,shape_normalized,15,1000,200,0.3957572265022138,0.08559262200504597,4.421650936404001,0.9388730398569025,111
1,9,0,shape_normalized,15,1000,200,0.2917049889769059,0.08579026476972748,4.353850722484151,0.9336137203938626,106
1,0,-5,shape_normalized,15,1000,200,0.3430053231913941,0.09533266582933088,4.3212175847951135,0.9343228077759326,102
1,1,-5,shape_normalized,15,1000,200,0.27308555107705046,0.09175152420151898,4.412337244898533,0.9386992182775967,110
1,2,-5,shape_normalized,15,1000,200,0.32525957302705844,0.08246422408393647,4.362657810475043,0.9336224298011164,107
1,3,-5,shape_normalized,15,1000,200,0.36608919104237403,0.0916890301200089,4.352781780988922,0.9207583443354018,113
1,4,-5,shape_normalized,15,1000,200,0.30668673749480035,0.0906557783159965,4.3942977886055035,0.9348614283307838,110
1,5,-5,shape_normalized,15,1000,200,0.39057626758106345,0.09597326357927033,4.334895967692739,0.9169748990201294,113
1,6,-5,shape_normalized,15,1000,200,0.3010696068288433,0.08775409151140455,4.321299703217601,0.9343405632148947,102
1,7,-5,shape_normalized,15,1000,200,0.2951029006989234,0.08392229928914567,4.372772181940018,0.9284943497594565,111
1,8,-5,shape_normalized,15,1000,200,0.3215359035843688,0.08022896083189848,4.436210261114972,0.9282476729277197,119
1,9,-5,shape_normalized,15,1000,200,0.3330761745658124,0.08683142282519932,4.309652232856417,0.9399526284330408,98
1,0,30,physical_scale,15,1000,200,0.4591085527077825,0.06428664940001626,1.3032929628260876,0.4600052324193161,17
1,1,30,physical_scale,15,1000,200,0.4890458116329217,0.09073343552170855,1.3198651608537606,0.48738578048389175,15
1,2,30,physical_scale,15,1000,200,0.48151369151826473,0.056432019720071315,1.431289352895329,0.45647966614768287,23
1,3,30,physical_scale,15,1000,200,0.523900965316389,0.17191014933277493,1.9211055530372376,0.6780659695350917,17
1,4,30,physical_scale,15,1000,200,0.46979969961221857,0.052026577478319604,1.6011582097127899,0.4858123368387271,27
1,5,30,physical_scale,15,1000,200,0.447305334836289,0.02415043117950698,0.8798471730015955,0.2846441568751896,22
1,6,30,physical_scale,15,1000,200,0.4926011069269107,0.06480458451643453,1.6499304601390485,0.4851028255621943,30
1,7,30,physical_scale,15,1000,200,0.5007312132224792,0.12677034820400007,1.5107763870923892,0.5578834493088365,15
1,8,30,physical_scale,15,1000,200,0.5296729857911304,0.04984731527897634,1.0873807872236372,0.3517844881238152,22
1,9,30,physical_scale,15,1000,200,0.5228997084831994,0.08512792879081424,1.3030251247095568,0.45081575446128735,18
1,0,25,physical_scale,15,1000,200,0.5138304104480953,0.12448970547868866,2.1554817501453294,0.6540013470868489,27
1,1,25,physical_scale,15,1000,200,0.5495263790979481,0.10348302118000273,2.024153941151466,0.6141547726557919,27
1,2,25,physical_scale,15,1000,200,0.500565459724234,0.08026370784618414,2.049338317877314,0.5967809999992615,31
1,3,25,physical_scale,15,1000,200,0.48726834630469296,0.04138008298031903,1.4522082849279838,0.45694892611966564,24
1,4,25,physical_scale,15,1000,200,0.508716368524113,0.04608263551361666,1.6845898508305983,0.4905638112542609,31
1,5,25,physical_scale,15,1000,200,0.46035421615620975,0.04297702583139512,1.7215584835830797,0.48819695875266994,34
1,6,25,physical_scale,15,1000,200,0.4935448760263902,0.07399137602972697,1.589002339671835,0.5219217043642581,21
1,7,25,physical_scale,15,1000,200,0.4893797554490037,0.05537981223317264,1.8725119585971122,0.5560877490839983,29
1,8,25,physical_scale,15,1000,200,0.4338676920912228,0.05859220664743763,2.125688749590443,0.6079462755970422,33
1,9,25,physical_scale,15,1000,200,0.4966032667504898,0.06186354995265571,2.1912611895900653,0.5940181068118973,40
1,0,20,physical_scale,15,1000,200,0.39782066066779087,0.033322355376978245,2.755960832093203,0.7373473617389856,42
1,1,20,physical_scale,15,1000,200,0.40224740367725675,0.02787844570989314,2.329483386883374,0.627289128914287,41
1,2,20,physical_scale,15,1000,200,0.45367239507280466,0.05311603611529094,2.2652383991188003,0.6536096409679896,32
1,3,20,physical_scale,15,1000,200,0.3568175918058095,0.023522806222337208,2.181020768860512,0.6412508667152547,30
1,4,20,physical_scale,15,1000,200,0.4898749986660722,0.07161497571753606,2.3022777970884483,0.6424628519140296,36
1,5,20,physical_scale,15,1000,200,0.5043461846043412,0.060218753895928886,2.3846899451147596,0.6464537469380546,40
1,6,20,physical_scale,15,1000,200,0.4549449158749169,0.04978554253078049,2.3780531092375314,0.6362395160890973,42
1,7,20,physical_scale,15,1000,200,0.5852975366930717,0.052004955158159054,2.148529465383367,0.6043091782364904,35
1,8,20,physical_scale,15,1000,200,0.46202837110550166,0.06734645647196429,2.402169788207322,0.6703382427894327,36
1,9,20,physical_scale,15,1000,200,0.4493103326971153,0.0658337941310674,2.1401849139260913,0.617526832381309,32
1,0,15,physical_scale,15,1000,200,0.30438563184469913,0.04835510612707105,3.1249326184014854,0.7908731632285635,52
1,1,15,physical_scale,15,1000,200,0.3709638322503541,0.030886721360670805,3.1247623538679496,0.7947357400238603,51
1,2,15,physical_scale,15,1000,200,0.39417930545862756,0.043023880692606396,3.102975878667862,0.7853162446233233,52
1,3,15,physical_scale,15,1000,200,0.4350515536969066,0.046521314419260745,3.236634408978883,0.7873348869169849,61
1,4,15,physical_scale,15,1000,200,0.5044394504665021,0.045312542847293545,2.71547778972422,0.7133487134784209,45
1,5,15,physical_scale,15,1000,200,0.21409518850897957,0.030204538824651662,3.2278793213469323,0.8750297648645351,40
1,6,15,physical_scale,15,1000,200,0.36745182486372574,0.053004078815852854,3.073322612747715,0.8171122296642269,43
1,7,15,physical_scale,15,1000,200,0.26244859680020327,0.042261956850219,3.203260690066083,0.8516592022584804,43
1,8,15,physical_scale,15,1000,200,0.4523710849489839,0.059062689204460866,3.1634890054235707,0.8086580781948512,50
1,9,15,physical_scale,15,1000,200,0.30918074106419047,0.041544225396516914,3.1592549205947553,0.8075757520370193,50
1,0,10,physical_scale,15,1000,200,0.22150194044320104,0.045790184927226175,3.6815542600438143,0.8991803704097012,60
1,1,10,physical_scale,15,1000,200,0.23662307337955846,0.05243196618690015,3.647096996782332,0.8871829001048068,61
1,2,10,physical_scale,15,1000,200,0.288745525987555,0.04754695879572785,3.9064458695010846,0.9164295659500733,71
1,3,10,physical_scale,15,1000,200,0.21098131649673268,0.04525723933013179,3.7828918126034363,0.9029125418515397,66
1,4,10,physical_scale,15,1000,200,0.29007626801768827,0.03739336746096557,3.631452677744793,0.8869435931825717,60
1,5,10,physical_scale,15,1000,200,0.30056516561398583,0.04999382540104627,3.841796305210155,0.9042722390709271,70
1,6,10,physical_scale,15,1000,200,0.20795765899265062,0.03968392738420606,3.8786534985927523,0.932619027957732,64
1,7,10,physical_scale,15,1000,200,0.2374377133925447,0.04411873958846378,3.499144859020496,0.8692768055706077,56
1,8,10,physical_scale,15,1000,200,0.33285383291941817,0.05198168237211576,3.6292372267590443,0.8631397239412772,67
1,9,10,physical_scale,15,1000,200,0.25142260251917337,0.05709952793132156,3.561337494503473,0.9013206342488186,52
1,0,5,physical_scale,15,1000,200,0.32197676159977695,0.07678242061119721,4.016201759393303,0.9245814140725072,77
1,1,5,physical_scale,15,1000,200,0.33536586530910395,0.06947159105907673,4.087307405944783,0.9105900031257586,89
1,2,5,physical_scale,15,1000,200,0.24972459961198212,0.07225625058895802,4.201201812114052,0.9407273281250851,87
1,3,5,physical_scale,15,1000,200,0.2566874863430014,0.07592165263097082,4.078366176806285,0.928072218669301,81
1,4,5,physical_scale,15,1000,200,0.23574860238921458,0.0689384809130704,3.9330155753153204,0.9054308822232966,77
1,5,5,physical_scale,15,1000,200,0.3819018269366453,0.07348816796379863,4.166310160238741,0.9258858630642822,90
1,6,5,physical_scale,15,1000,200,0.36615917210866866,0.06655373979101818,4.101440002878311,0.9307241448214648,82
1,7,5,physical_scale,15,1000,200,0.2631615078263654,0.076347885015646,4.199652652037077,0.9403804423325843,87
1,8,5,physical_scale,15,1000,200,0.2798252542897294,0.06732240792500317,4.001919706236543,0.913257732066335,80
1,9,5,physical_scale,15,1000,200,0.35134101735663714,0.08175226815285343,4.062636090187864,0.9244926831997198,81
1,0,0,physical_scale,15,1000,200,0.4716089333615645,0.11398622126213867,4.323711901847294,0.9252878834251557,107
1,1,0,physical_scale,15,1000,200,0.4422833425248409,0.12492862881978674,4.37669790103553,0.9366270531369727,107
1,2,0,physical_scale,15,1000,200,0.5442676388507202,0.12330446697186463,4.2542465600927155,0.9320600404774563,96
1,3,0,physical_scale,15,1000,200,0.4348412876062615,0.11050682364959259,4.353108673936705,0.9334545999395217,106
1,4,0,physical_scale,15,1000,200,0.4255091167606787,0.09725292873354202,4.354459457143411,0.9263860538239538,110
1,5,0,physical_scale,15,1000,200,0.32995408951215,0.10845826136596207,4.335764304888123,0.9354946785236495,103
1,6,0,physical_scale,15,1000,200,0.4300471852879768,0.10654738868580466,4.293988441883838,0.930417402148966,101
1,7,0,physical_scale,15,1000,200,0.6016070685154202,0.11866640980016366,4.306632173684288,0.9292090615484566,103
1,8,0,physical_scale,15,1000,200,0.393349085236556,0.11250925192075747,4.215556410270605,0.9278632825502799,94
1,9,0,physical_scale,15,1000,200,0.3547140380239676,0.0942074547869705,4.372509220568111,0.9232107286489083,114
1,0,-5,physical_scale,15,1000,200,0.5073334418906281,0.17375391132698667,4.353339553540089,0.9297773476148221,108
1,1,-5,physical_scale,15,1000,200,0.6876018715485257,0.19000721620278996,4.412246825151381,0.9316009185905354,114
1,2,-5,physical_scale,15,1000,200,0.4709613281679652,0.16649282168220095,4.356798752584515,0.9216080676391877,113
1,3,-5,physical_scale,15,1000,200,0.5391748848411193,0.1917519065100495,4.437352061969625,0.9440209758692539,110
1,4,-5,physical_scale,15,1000,200,0.6192456062861107,0.17307062686279343,4.239282800713614,0.9287816404186979,96
1,5,-5,physical_scale,15,1000,200,0.7616125032854788,0.17408507617632774,4.260154948471443,0.9271042078144413,99
1,6,-5,physical_scale,15,1000,200,0.7602788436862111,0.18107592124098965,4.3593517869873795,0.9238853088441793,112
1,7,-5,physical_scale,15,1000,200,0.6643261909251641,0.20296607634055286,4.205305638010508,0.9392426373669183,88
1,8,-5,physical_scale,15,1000,200,0.5968185974324951,0.18509599656539033,4.379947734206736,0.933622456522145,109
1,9,-5,physical_scale,15,1000,200,0.6237434206271883,0.1637026804107506,4.360346996493244,0.935006742555832,106
42,0,30,shape_normalized,15,1000,200,0.5526101709219189,0.05887383847576864,1.311074953725387,0.4376475712797898,20
42,1,30,shape_normalized,15,1000,200,0.497429924420271,0.03687707356308752,0.5526830769234657,0.204088933321294,15
42,2,30,shape_normalized,15,1000,200,0.48302049612996834,0.04885797876193451,1.2685249875146645,0.4103874361662208,22
42,3,30,shape_normalized,15,1000,200,0.4871141588342417,0.07495996834575931,1.8783887554729788,0.5522727865193803,30
42,4,30,shape_normalized,15,1000,200,0.49666255454797137,0.07381764615145994,1.6512645860641963,0.5423722832862249,21
42,5,30,shape_normalized,15,1000,200,0.5461442734116236,0.05693627523561745,1.4820349923981453,0.4496687951047995,27
42,6,30,shape_normalized,15,1000,200,0.4688948286044672,0.08822411464016593,1.5604727015233961,0.520898584729712,20
42,7,30,shape_normalized,15,1000,200,0.49846580995734013,0.11271930702771721,1.5677371298869827,0.5654416456763617,16
42,8,30,shape_normalized,15,1000,200,0.47684550490834854,0.042324165157133296,1.1816707721059054,0.3718221387006939,24
42,9,30,shape_normalized,15,1000,200,0.4507559262754871,0.10376493091540599,1.5207561668692913,0.5484968450859089,16
42,0,25,shape_normalized,15,1000,200,0.4765094368257893,0.0687660386610892,2.199030856923816,0.6045302462579262,38
42,1,25,shape_normalized,15,1000,200,0.48513073385470273,0.0374772509964104,1.5642021569047742,0.4555061110483355,31
42,2,25,shape_normalized,15,1000,200,0.4841033606922378,0.10192485406980623,2.1210995311274266,0.6299118456532958,29
42,3,25,shape_normalized,15,1000,200,0.5293198958280066,0.0396241492040675,1.3929901250042578,0.42265141802756573,27
42,4,25,shape_normalized,15,1000,200,0.4819695139581003,0.08033559484758278,1.9055438172654684,0.5781669101770905,27
42,5,25,shape_normalized,15,1000,200,0.42381910778534626,0.05300416988240732,1.634327725408764,0.5016204112850594,26
42,6,25,shape_normalized,15,1000,200,0.45712125043467755,0.054653581752992585,2.1492946871632896,0.5997721022479853,36
42,7,25,shape_normalized,15,1000,200,0.47359014339070526,0.05621567520961478,1.8998503713501629,0.543356574510979,33
42,8,25,shape_normalized,15,1000,200,0.47222169866813624,0.048537483140813596,1.781562215190748,0.5238044180547098,30
42,9,25,shape_normalized,15,1000,200,0.4425141102172342,0.0276018707618549,1.697617012204301,0.5273943775926216,25
42,0,20,shape_normalized,15,1000,200,0.5182807642869778,0.03988184190999318,2.575039396792102,0.6485768434312121,53
42,1,20,shape_normalized,15,1000,200,0.32378128372719506,0.0427250087152478,2.734980266192399,0.757419673434119,37
42,2,20,shape_normalized,15,1000,200,0.46164428392331647,0.027562170612621,1.8285512242265691,0.5229650421404068,33
42,3,20,shape_normalized,15,1000,200,0.4678530905462469,0.04684280515152059,2.211313968956918,0.6219683504153317,35
42,4,20,shape_normalized,15,1000,200,0.4537760487094823,0.02532048371184311,2.325719965377596,0.6541469147758492,35
42,5,20,shape_normalized,15,1000,200,0.4721396311574536,0.049862342759799665,2.4989011834015815,0.6685719816373907,42
42,6,20,shape_normalized,15,1000,200,0.19237289472652697,0.02080593742954884,2.607049925166309,0.7910130358869784,27
42,7,20,shape_normalized,15,1000,200,0.4219219201368588,0.040860687135443656,2.505335649408597,0.6838524614579226,39
42,8,20,shape_normalized,15,1000,200,0.06156684331982398,0.012686654303710137,3.430522318044816,0.8960155738771047,46
42,9,20,shape_normalized,15,1000,200,0.4231890397825281,0.026814075063332853,2.584015993309536,0.7004880548286209,40
42,0,15,shape_normalized,15,1000,200,0.07047605980490201,0.016954041179909778,3.547817015582429,0.9214755855091509,47
42,1,15,shape_normalized,15,1000,200,0.4234440893388731,0.049915957091124764,2.9723463358858027,0.8004008761633318,41
42,2,15,shape_normalized,15,1000,200,0.6381255310314705,0.07661414198165344,2.5969714213156445,0.708865217010666,39
42,3,15,shape_normalized,15,1000,200,0.42132230256100056,0.06941859669102603,3.093135566899896,0.8125583960259437,45
42,4,15,shape_normalized,15,1000,200,0.4000325971709616,0.054191338348853736,3.112925607011176,0.7917252436380956,51
42,5,15,shape_normalized,15,1000,200,0.4749569681030007,0.04499998197820494,2.983932584424413,0.7480432485044618,54
42,6,15,shape_normalized,15,1000,200,0.4948473478855855,0.06050393540923152,2.872576538922356,0.7420375565175488,48
42,7,15,shape_normalized,15,1000,200,0.3047229612971545,0.04942732424541615,3.241958027881369,0.8330184282802708,49
42,8,15,shape_normalized,15,1000,200,0.5071827118479821,0.06677725324123007,2.856979701258193,0.7505208851417171,45
42,9,15,shape_normalized,15,1000,200,0.4809264294643336,0.05758143310430381,2.703659240402333,0.7544704763210077,36
42,0,10,shape_normalized,15,1000,200,0.17081933408355665,0.05013414293267642,3.5965329883463477,0.8934705001364771,56
42,1,10,shape_normalized,15,1000,200,0.127987622827748,0.040919757346590827,3.6425497952076116,0.9131522594944825,54
42,2,10,shape_normalized,15,1000,200,0.261391835638082,0.04937362160388502,3.8049907582382576,0.9017617750930144,68
42,3,10,shape_normalized,15,1000,200,0.3587698048890917,0.043575976096117436,3.5463956692277057,0.8347415890048214,70
42,4,10,shape_normalized,15,1000,200,0.5017898189056732,0.046799227148265905,3.5259957196842424,0.854344780354352,62
42,5,10,shape_normalized,15,1000,200,0.28622371728471985,0.04683563769512298,3.777626861298717,0.8862093730389933,71
42,6,10,shape_normalized,15,1000,200,0.1884220219844801,0.05627584646236883,3.7501305338210864,0.9316280469238205,56
42,7,10,shape_normalized,15,1000,200,0.21461325769947093,0.04295347273410298,3.737995702620839,0.9129655909057487,60
42,8,10,shape_normalized,15,1000,200,0.18794043845728747,0.045624815291529716,3.839725758263981,0.9068562054579703,69
42,9,10,shape_normalized,15,1000,200,0.41382227314716846,0.05473605463288675,3.5412864307637246,0.8649214488293536,60
42,0,5,shape_normalized,15,1000,200,0.4265570657029203,0.08011873393381623,3.9892245482434086,0.9103606346610658,80
42,1,5,shape_normalized,15,1000,200,0.31691842968544337,0.061913757921586654,3.933890769720437,0.9139942553219714,74
42,2,5,shape_normalized,15,1000,200,0.3048499724918874,0.06911203359385341,4.031191687068646,0.9073842294461972,85
42,3,5,shape_normalized,15,1000,200,0.2509220039034631,0.07464280599416918,4.159408152515151,0.924352018695464,90
42,4,5,shape_normalized,15,1000,200,0.3114460965086887,0.07618652849854268,3.9240218522800925,0.9006848996290916,78
42,5,5,shape_normalized,15,1000,200,0.3259213810498396,0.06755942099336637,4.1361784133631945,0.9261673781612138,87
42,6,5,shape_normalized,15,1000,200,0.2582212983858304,0.06488635840985764,4.127363390649322,0.9195138680604735,89
42,7,5,shape_normalized,15,1000,200,0.28856043794916,0.06555607978343235,4.007618764070614,0.914558285054529,80
42,8,5,shape_normalized,15,1000,200,0.19021394812197367,0.06233311098668203,4.06862851704524,0.9338766208382929,78
42,9,5,shape_normalized,15,1000,200,0.3424010031015873,0.05958259287008413,4.05438085303314,0.9126038977536335,85
42,0,0,shape_normalized,15,1000,200,0.27648091651942386,0.0799736365394665,4.188733773196445,0.928588834820719,91
42,1,0,shape_normalized,15,1000,200,0.42568549616972484,0.07501744100043573,4.176868976163034,0.9151074372395341,96
42,2,0,shape_normalized,15,1000,200,0.2519022338992354,0.07209994071893451,4.421659595800831,0.9406824944912664,110
42,3,0,shape_normalized,15,1000,200,0.2903000210573704,0.08682190449901012,4.33798216811839,0.9283417650837033,107
42,4,0,shape_normalized,15,1000,200,0.3633349410971727,0.08353570746804714,4.3951867691476965,0.9262907561680556,115
42,5,0,shape_normalized,15,1000,200,0.36711912965805515,0.07103981070504663,4.236937484763044,0.9180556540835348,101
42,6,0,shape_normalized,15,1000,200,0.3234202048800201,0.07881797680593992,4.199802160597752,0.9222476278056909,95
42,7,0,shape_normalized,15,1000,200,0.2506934180112228,0.07516530372693699,4.378397973002581,0.9351292735320892,108
42,8,0,shape_normalized,15,1000,200,0.33190150931964857,0.07366399969039315,4.285097822593917,0.9245627594356342,103
42,9,0,shape_normalized,15,1000,200,0.23962330330406778,0.0783547817849636,4.223093483964952,0.9231388614077075,97
42,0,-5,shape_normalized,15,1000,200,0.35170985614893513,0.08313416445087443,4.290990863824516,0.9201344280966821,106
42,1,-5,shape_normalized,15,1000,200,0.22337340775359615,0.07537131408245158,4.441580493142045,0.9293713584811089,119
42,2,-5,shape_normalized,15,1000,200,0.32146551616881236,0.08849530043694567,4.39853613467618,0.9253082318508513,116
42,3,-5,shape_normalized,15,1000,200,0.3529951728020776,0.08457345148499516,4.494786936036218,0.9340429634658841,123
42,4,-5,shape_normalized,15,1000,200,0.2909454657469287,0.09912892411167631,4.4867333839629975,0.9455843123957776,115
42,5,-5,shape_normalized,15,1000,200,0.3215655532283518,0.08650329508581797,4.364086812580199,0.9377146525179328,105
42,6,-5,shape_normalized,15,1000,200,0.3338618222424221,0.08242258531846572,4.286803313197482,0.9329034830445005,99
42,7,-5,shape_normalized,15,1000,200,0.3161156867885183,0.09403791311981163,4.312653512439045,0.9364808114064771,100
42,8,-5,shape_normalized,15,1000,200,0.4041156357781155,0.10271777496179803,4.355582539529973,0.9321082996680179,107
42,9,-5,shape_normalized,15,1000,200,0.2661195316089645,0.08282410129303103,4.302295590077649,0.9342316171437087,100
42,0,30,physical_scale,15,1000,200,0.48818353993641816,0.08448103204000323,1.437515471732675,0.49734622122761457,18
42,1,30,physical_scale,15,1000,200,0.4960746300195137,0.09643076118760346,1.5763233020570364,0.526189645173787,20
42,2,30,physical_scale,15,1000,200,0.46155307528966594,0.061656791377011216,1.4487876435051328,0.5012461250173826,18
42,3,30,physical_scale,15,1000,200,0.49967870778518764,0.10942864715391791,1.551081112543097,0.5366372364751077,18
42,4,30,physical_scale,15,1000,200,0.45041288916730426,0.05614427125335486,1.551602969682406,0.48822425689137255,24
42,5,30,physical_scale,15,1000,200,0.4609707650355125,0.09776985044540912,1.7442765414896477,0.5563003537459122,23
42,6,30,physical_scale,15,1000,200,0.4603022743059977,0.11061242687809424,1.4806506044707388,0.546758920446931,15
42,7,30,physical_scale,15,1000,200,0.4794603804807286,0.1124119457741368,1.5964550995216271,0.563478603851285,17
42,8,30,physical_scale,15,1000,200,0.4626508827496608,0.037622602128463786,1.395983597861388,0.4585230118734979,21
42,9,30,physical_scale,15,1000,200,0.47680723952440685,0.05530896578039744,1.7238002178332097,0.5119241981896595,29
42,0,25,physical_scale,15,1000,200,0.5212361719067304,0.10868485425160512,2.321062127484343,0.663822996713572,33
42,1,25,physical_scale,15,1000,200,0.46669659611012526,0.07543409674438074,1.9111770421328624,0.5735473426966746,28
42,2,25,physical_scale,15,1000,200,0.47112973256538127,0.06482637744300768,1.8044930608432284,0.5605972889361505,25
42,3,25,physical_scale,15,1000,200,0.3930206296865265,0.02955650278731841,1.78092504710238,0.5679886245858162,23
42,4,25,physical_scale,15,1000,200,0.44673153733691595,0.026146897781267595,1.3088476226307975,0.41183934964610075,24
42,5,25,physical_scale,15,1000,200,0.4377639762394694,0.08645828229915226,2.052900701199811,0.6300920421610525,26
42,6,25,physical_scale,15,1000,200,0.4571449545597648,0.0724494435997074,2.023166835396409,0.5891596895742482,31
42,7,25,physical_scale,15,1000,200,0.4673036024526963,0.035458925677472934,1.5547815270088796,0.48922441532044664,24
42,8,25,physical_scale,15,1000,200,0.3973039471729427,0.03387170790826357,1.482605455065468,0.49490585929649084,20
42,9,25,physical_scale,15,1000,200,0.4127771317837359,0.05213734886455267,1.9203616066065408,0.5592221206003178,31
42,0,20,physical_scale,15,1000,200,0.4420332146891427,0.06014038567781872,2.4121028750326303,0.668002688896985,37
42,1,20,physical_scale,15,1000,200,0.3944801994553636,0.03570984384316517,2.216949920662673,0.6286793154548439,34
42,2,20,physical_scale,15,1000,200,0.49828735817538494,0.05983358278055083,2.2973610410564635,0.6362263271097566,37
42,3,20,physical_scale,15,1000,200,0.37545520650021735,0.03686891306478394,2.5464917428955034,0.6813046638576505,42
42,4,20,physical_scale,15,1000,200,0.42171988252699033,0.047915623318056,2.328418410827408,0.6602893818069985,34
42,5,20,physical_scale,15,1000,200,0.3360460355073305,0.03551208537034191,2.4762902061632146,0.6964972664661817,35
42,6,20,physical_scale,15,1000,200,0.459246958397563,0.05910813202665646,2.223309209926381,0.6358656947945786,33
42,7,20,physical_scale,15,1000,200,0.37925290351707175,0.0555013314486155,2.319786335448453,0.6634581206155049,33
42,8,20,physical_scale,15,1000,200,0.23879568198549705,0.02159212911008479,2.5363126547215735,0.7457116921224033,30
42,9,20,physical_scale,15,1000,200,0.4483141566619423,0.05584520752224325,2.5590209106486124,0.6890995690086802,41
42,0,15,physical_scale,15,1000,200,0.16871341734583345,0.0295716028098148,3.2699293858796588,0.8641029393904549,44
42,1,15,physical_scale,15,1000,200,0.36889230683517515,0.04381761367654606,3.1098406361210746,0.7870536108659901,52
42,2,15,physical_scale,15,1000,200,0.26265366647720767,0.045764403357011874,3.344231083894023,0.8548597692942295,50
42,3,15,physical_scale,15,1000,200,0.48411552420945747,0.031218660354204335,3.151978861066495,0.7830319195018832,56
42,4,15,physical_scale,15,1000,200,0.44295884440734734,0.07492552454886181,2.9021143558021434,0.7814886324200756,41
42,5,15,physical_scale,15,1000,200,0.35078267010506514,0.04161883795264375,3.1515844479187387,0.8056150087935943,50
42,6,15,physical_scale,15,1000,200,0.5071435660401685,0.050401681962848416,2.8362580076449087,0.7250105645364164,50
42,7,15,physical_scale,15,1000,200,0.3295096017014427,0.04521685684911471,3.160748235944092,0.8456467689072412,42
42,8,15,physical_scale,15,1000,200,0.45619395339624336,0.049205356270819574,3.0974603183821414,0.7765035613642011,54
42,9,15,physical_scale,15,1000,200,0.3020479327116441,0.04292722487909324,2.9841343601544668,0.7885794975513969,44
42,0,10,physical_scale,15,1000,200,0.26454461633213233,0.052844823300779255,3.7565487405651004,0.8966248943816686,66
42,1,10,physical_scale,15,1000,200,0.21773541923564088,0.03967917798374853,3.5051189449129425,0.8786996648763019,54
42,2,10,physical_scale,15,1000,200,0.39947260428326703,0.047709709061099316,3.6345397454116966,0.8613658273341165,68
42,3,10,physical_scale,15,1000,200,0.28294112148213224,0.05096074545918913,3.581728388573807,0.8712815101890958,61
42,4,10,physical_scale,15,1000,200,0.2691241688843734,0.05407715780157019,3.6354354850034785,0.895329764649068,58
42,5,10,physical_scale,15,1000,200,0.11535951481826318,0.03737409634971047,3.8247863679907694,0.9231624411407859,63
42,6,10,physical_scale,15,1000,200,0.4032252225151588,0.06492573686056892,3.499335844319821,0.8772498970843995,54
42,7,10,physical_scale,15,1000,200,0.2974389703258067,0.055391416677129816,3.7374756766070107,0.8857610739807908,68
42,8,10,physical_scale,15,1000,200,0.6469141437492612,0.05220062800496308,3.725315574090832,0.8430527155738291,83
42,9,10,physical_scale,15,1000,200,0.15080641224155622,0.04379519949493049,3.863492691726454,0.9156264099214877,68
42,0,5,physical_scale,15,1000,200,0.44339662088812193,0.0803944818706712,4.045757403279538,0.9106628384051185,85
42,1,5,physical_scale,15,1000,200,0.4545694535121584,0.0923424299709417,4.14008108604126,0.9270412592564748,87
42,2,5,physical_scale,15,1000,200,0.3320917951357545,0.07628132018694883,4.199050648880502,0.9354847002523132,89
42,3,5,physical_scale,15,1000,200,0.37487158588196634,0.08513897412410204,4.013892804204584,0.9159900518275388,80
42,4,5,physical_scale,15,1000,200,0.35761777544027573,0.06316028008824258,4.090405353605218,0.9090174147976798,90
42,5,5,physical_scale,15,1000,200,0.4359028185599224,0.08406069544197457,3.951050707160722,0.9151271765574239,75
42,6,5,physical_scale,15,1000,200,0.3137654800878966,0.07780585779557535,4.007860756568441,0.9254462100646116,76
42,7,5,physical_scale,15,1000,200,0.3037086533935789,0.07136082325133113,4.000581956429917,0.9294891851767222,74
42,8,5,physical_scale,15,1000,200,0.2924251265366784,0.06443582050889914,3.989887365223344,0.9185235013406037,77
42,9,5,physical_scale,15,1000,200,0.36933470577419825,0.07044400008737758,3.989666037436386,0.8980371870530779,85
42,0,0,physical_scale,15,1000,200,0.2918170826580364,0.09274687820780159,4.331218771645969,0.9268943770641506,107
42,1,0,physical_scale,15,1000,200,0.475203308213787,0.09390641677817066,4.221205719434422,0.91862799167486,99
42,2,0,physical_scale,15,1000,200,0.38514233497173966,0.1264056636568304,4.110543682540589,0.9302312636685627,83
42,3,0,physical_scale,15,1000,200,0.547541405024224,0.1275735710903067,4.052015347542211,0.9073217002867798,87
42,4,0,physical_scale,15,1000,200,0.3883817724769393,0.11495217634195225,4.2576907858876165,0.9307015909626973,97
42,5,0,physical_scale,15,1000,200,0.5247582068593293,0.12244566044554576,4.439375404209648,0.9373288413863937,114
42,6,0,physical_scale,15,1000,200,0.43766358383002735,0.10362797562769165,4.0370923913441255,0.9136089643561895,83
42,7,0,physical_scale,15,1000,200,0.40927864140754633,0.12263278666704033,4.499175200225532,0.936543607600984,122
42,8,0,physical_scale,15,1000,200,0.30745668372306634,0.11392039983075508,4.439643410927475,0.9520105916109959,106
42,9,0,physical_scale,15,1000,200,0.3892422450001569,0.11152066767577265,4.241210439713647,0.9150935147415591,103
42,0,-5,physical_scale,15,1000,200,0.5881264721900247,0.17926379107486462,4.369640330909049,0.927829346904162,111
42,1,-5,physical_scale,15,1000,200,0.6477166323956371,0.179319876433049,4.329373963528272,0.9228422347291636,109
42,2,-5,physical_scale,15,1000,200,0.6037114414940716,0.17885138415244262,4.3140804584169015,0.9327796362446941,102
42,3,-5,physical_scale,15,1000,200,0.6162253775341842,0.1801375413335385,4.330772696419323,0.9213468325357492,110
42,4,-5,physical_scale,15,1000,200,0.5505860128873465,0.16133095292461516,4.340339206960119,0.9307163917805028,106
42,5,-5,physical_scale,15,1000,200,0.8434514350530642,0.15807381817315413,4.179041083222389,0.913509313016658,97
42,6,-5,physical_scale,15,1000,200,0.5352765840412108,0.18003151233750195,4.2532233887462825,0.9383629405534314,93
42,7,-5,physical_scale,15,1000,200,0.7563009412503485,0.1805034489901094,4.40630775029711,0.9338367710762434,112
42,8,-5,physical_scale,15,1000,200,0.5511528786274491,0.1639132351495788,4.35293080059009,0.9260608409873156,110
42,9,-5,physical_scale,15,1000,200,0.7552524498896767,0.17311439416266877,4.425350515980439,0.9276133017231453,118
100,0,30,shape_normalized,15,1000,200,0.5026479663746939,0.06693943348648923,1.6790942603601389,0.4936773941474606,30
100,1,30,shape_normalized,15,1000,200,0.4643934548285028,0.054567042758442035,1.2145446439907763,0.41248762585482734,19
100,2,30,shape_normalized,15,1000,200,0.46822231473479936,0.07415739092523956,1.6235063254336497,0.5043705982352163,25
100,3,30,shape_normalized,15,1000,200,0.47679463293183266,0.08732440672558012,1.6338448253435875,0.5285740490456444,22
100,4,30,shape_normalized,15,1000,200,0.5317911491453776,0.10954793130360052,2.14742174028028,0.6444447613353033,28
100,5,30,shape_normalized,15,1000,200,0.5210807973062346,0.12344743926420707,2.0451442888392197,0.6277113845377823,26
100,6,30,shape_normalized,15,1000,200,0.5128427903389815,0.0720378493994324,1.745231371944532,0.5295260180945618,27
100,7,30,shape_normalized,15,1000,200,0.46973352013986824,0.038221159889529684,1.3520355720701656,0.4057480769687443,28
100,8,30,shape_normalized,15,1000,200,0.5292670875506287,0.07275517137216762,1.4126094410899706,0.4570009834563148,22
100,9,30,shape_normalized,15,1000,200,0.47822999443773184,0.043811220572494085,1.2095174899938645,0.38058433071331643,24
100,0,25,shape_normalized,15,1000,200,0.5125742730578919,0.07651113190040029,1.8279404902417398,0.5546210460525077,27
100,1,25,shape_normalized,15,1000,200,0.5764986927689202,0.07032233722381298,1.6470918731363526,0.5253053457310446,23
100,2,25,shape_normalized,15,1000,200,0.4542736254042278,0.03588106489565162,1.8913285908500208,0.5277852924267964,36
100,3,25,shape_normalized,15,1000,200,0.4059662872265528,0.026174187258809774,1.2449844807443184,0.40892603231240104,21
100,4,25,shape_normalized,15,1000,200,0.46342696173395515,0.07523633852591552,1.7814820748943543,0.5534485242118026,25
100,5,25,shape_normalized,15,1000,200,0.4720793294861242,0.13961723015902197,2.510928726959824,0.731199208803192,31
100,6,25,shape_normalized,15,1000,200,0.548085170861738,0.09399265972883186,2.226966493320684,0.6369116766293123,33
100,7,25,shape_normalized,15,1000,200,0.4817923761399089,0.04766701614774553,1.9769156962453722,0.5606107720538744,34
100,8,25,shape_normalized,15,1000,200,0.4421193956862156,0.08421059622491246,2.223253550500629,0.6304668892987413,34
100,9,25,shape_normalized,15,1000,200,0.4764291931519187,0.044781574364027854,1.6726355854621588,0.5263081353404993,24
100,0,20,shape_normalized,15,1000,200,0.4491982080977329,0.037440840233251615,2.2680701171097195,0.6281145603359461,37
100,1,20,shape_normalized,15,1000,200,0.03589111680228582,0.011726819397603049,3.03936789143059,0.902613861355567,29
100,2,20,shape_normalized,15,1000,200,0.40860207757922073,0.04103342531158625,2.471979313798165,0.6795658453858049,38
100,3,20,shape_normalized,15,1000,200,0.46386754844648714,0.040912007752831006,2.3567343906021634,0.6740252521043365,33
100,4,20,shape_normalized,15,1000,200,0.4427088966848014,0.050969688594608584,1.8764026761232322,0.5631114988271152,28
100,5,20,shape_normalized,15,1000,200,0.4362189676696866,0.05798434545717952,2.2286544493963696,0.6489990546515473,31
100,6,20,shape_normalized,15,1000,200,0.4477448201415044,0.06335378365654602,2.3144616249905146,0.6362630391040979,38
100,7,20,shape_normalized,15,1000,200,0.5659903772733549,0.04978966888778988,2.068244448969716,0.5727752607522362,37
100,8,20,shape_normalized,15,1000,200,0.5942137767784625,0.04913559564946256,2.338228937554033,0.6255847028630453,42
100,9,20,shape_normalized,15,1000,200,0.46144150507911563,0.06558720763756291,2.5457092071282164,0.6810952992408692,42
100,0,15,shape_normalized,15,1000,200,0.3269595571467543,0.03256805366128414,3.269628578737103,0.827493521435059,52
100,1,15,shape_normalized,15,1000,200,0.4614316017710124,0.052881538783604194,2.920941315283417,0.7428969613943749,51
100,2,15,shape_normalized,15,1000,200,0.3682480964290541,0.052039157407549795,2.9612258389262855,0.7922652725754592,42
100,3,15,shape_normalized,15,1000,200,0.4355823599523928,0.03818875922647546,3.039279304850389,0.7893929322347228,47
100,4,15,shape_normalized,15,1000,200,0.08776404191632936,0.021954948157508973,3.369800809908012,0.9074284137694456,41
100,5,15,shape_normalized,15,1000,200,0.30044892003850887,0.03529923213515234,3.4564524925574758,0.8790960778600275,51
100,6,15,shape_normalized,15,1000,200,0.307558589094619,0.03519279660888826,3.2028332685314385,0.8187153460210567,50
100,7,15,shape_normalized,15,1000,200,0.3329071033847182,0.04132770887941641,2.9960722683258205,0.7870601284923983,45
100,8,15,shape_normalized,15,1000,200,0.4709157493910705,0.041530841588750186,3.0609712080918414,0.7746854980615544,52
100,9,15,shape_normalized,15,1000,200,0.34664296542355266,0.05157792251701671,3.1234940677731724,0.7944131707613219,51
100,0,10,shape_normalized,15,1000,200,0.22155541210493102,0.05132520919097547,3.9167351607969625,0.9158384245572336,72
100,1,10,shape_normalized,15,1000,200,0.3343041732440518,0.04794870234406396,3.7723779449560495,0.8940327186340815,68
100,2,10,shape_normalized,15,1000,200,0.2729732168016735,0.0571132648117048,3.5423337345191577,0.8880290553105074,54
100,3,10,shape_normalized,15,1000,200,0.36329691899572314,0.05209172051205449,3.494126559818947,0.8605284080440123,58
100,4,10,shape_normalized,15,1000,200,0.2018586289254054,0.04499593228830173,3.8131125305397995,0.9275673875015887,61
100,5,10,shape_normalized,15,1000,200,0.36967933215076654,0.04300527924175408,3.5828644094238977,0.875076426757642,60
100,6,10,shape_normalized,15,1000,200,0.11283321290712733,0.04596667454317149,3.726682270648769,0.9478249085187903,51
100,7,10,shape_normalized,15,1000,200,0.15923305339031624,0.03842798102889743,3.756660081443301,0.906719266818332,63
100,8,10,shape_normalized,15,1000,200,0.21830554106467426,0.05035371995250582,3.722109759120523,0.9166757788381406,58
100,9,10,shape_normalized,15,1000,200,0.37552291257789583,0.052309893505089265,3.439805866891563,0.8545354868765148,56
100,0,5,shape_normalized,15,1000,200,0.22580323538305946,0.05858315940555537,4.124522202804327,0.9308717534611347,84
100,1,5,shape_normalized,15,1000,200,0.37876530745821646,0.06326618352760598,3.980384444086104,0.9083432794749162,80
100,2,5,shape_normalized,15,1000,200,0.24276449388692778,0.06458387930220845,4.000662219850482,0.9155990310289844,79
100,3,5,shape_normalized,15,1000,200,0.27492637031440703,0.06375877325661941,4.149461976788847,0.9133155948810385,94
100,4,5,shape_normalized,15,1000,200,0.35596189816682067,0.07635111326685876,3.9564067716580387,0.9054706464626241,79
100,5,5,shape_normalized,15,1000,200,0.3224922004356362,0.0720823682659955,4.053245660670616,0.9099527699781622,86
100,6,5,shape_normalized,15,1000,200,0.23838057555092673,0.06619105234478205,4.262962871015426,0.9256906257202215,100
100,7,5,shape_normalized,15,1000,200,0.29680219787948214,0.06731645338042051,4.149914164953587,0.9092019256355259,96
100,8,5,shape_normalized,15,1000,200,0.36340761512448305,0.06645062461056893,4.073894110143765,0.9122207626992295,87
100,9,5,shape_normalized,15,1000,200,0.2556030419211952,0.06487492651523265,4.110991693407908,0.9113544076176056,91
100,0,0,shape_normalized,15,1000,200,0.2265142514082512,0.07713441156544712,4.28785640155622,0.933132658429057,99
100,1,0,shape_normalized,15,1000,200,0.2701919721713021,0.07516009098166197,4.320425656966063,0.919145559761894,110
100,2,0,shape_normalized,15,1000,200,0.3227923500509208,0.07891171258546602,4.374033978809511,0.9287622739080565,111
100,3,0,shape_normalized,15,1000,200,0.38341131996501066,0.08357668309268432,4.394005665201722,0.9243551691566934,116
100,4,0,shape_normalized,15,1000,200,0.2911791576537427,0.08060105605349291,4.245915000032419,0.926051279487709,98
100,5,0,shape_normalized,15,1000,200,0.3697894788288142,0.07133317188284113,4.334850461353409,0.9314326154941752,105
100,6,0,shape_normalized,15,1000,200,0.3080680541365046,0.07267059217307666,4.33975542268949,0.9287212471135227,107
100,7,0,shape_normalized,15,1000,200,0.2914042656203777,0.08057006449421103,4.268964119480533,0.9290212788150664,99
100,8,0,shape_normalized,15,1000,200,0.29730545431627864,0.08015175228644021,4.243484275690651,0.9234762996587261,99
100,9,0,shape_normalized,15,1000,200,0.31590515769001526,0.09043669689341584,4.335292543977842,0.9413968146429437,100
100,0,-5,shape_normalized,15,1000,200,0.37869179227318406,0.08885267592522325,4.280742476143855,0.9255713814897061,102
100,1,-5,shape_normalized,15,1000,200,0.3039811436145178,0.09218018207372036,4.416710764404957,0.9414588035851033,109
100,2,-5,shape_normalized,15,1000,200,0.23099674365642653,0.08026355693535708,4.39870134011632,0.94133585798737,107
100,3,-5,shape_normalized,15,1000,200,0.34144155726077485,0.09972718073632178,4.328581976273353,0.9379130968471385,101
100,4,-5,shape_normalized,15,1000,200,0.3395517502548364,0.08960629487857276,4.2931019443733796,0.9302253166969776,101
100,5,-5,shape_normalized,15,1000,200,0.26282299889116223,0.08776138446886284,4.295180806835572,0.9367963517335515,98
100,6,-5,shape_normalized,15,1000,200,0.29123429945937074,0.08763053599139511,4.3841447149974435,0.9273926496243351,113
100,7,-5,shape_normalized,15,1000,200,0.36000663331180494,0.09369716876745375,4.483324645417844,0.9381060464078738,119
100,8,-5,shape_normalized,15,1000,200,0.2976630016790268,0.0971271651221879,4.349123913038476,0.9383771789210366,103
100,9,-5,shape_normalized,15,1000,200,0.34475476193073784,0.09587896308220094,4.380008002748421,0.9411356507582129,105
100,0,30,physical_scale,15,1000,200,0.4943673762709716,0.043975147454759875,1.1113396110757106,0.3709742759346353,20
100,1,30,physical_scale,15,1000,200,0.4627011153743952,0.023484103179381974,0.972252758850248,0.30592708958104775,24
100,2,30,physical_scale,15,1000,200,0.5100869258345153,0.055265682315138814,1.1482854822306139,0.3899844725448137,19
100,3,30,physical_scale,15,1000,200,0.41174660432153476,0.029270431545420098,1.4956930974934735,0.48387983020694264,22
100,4,30,physical_scale,15,1000,200,0.4831719516450711,0.05918773157259068,1.5745537805881529,0.48327413329020613,26
100,5,30,physical_scale,15,1000,200,0.48914573864672595,0.0885052905648221,1.6495484034174832,0.5418085880986157,21
100,6,30,physical_scale,15,1000,200,0.5216459362752485,0.10117592568096662,1.5199544655534596,0.5162119087228471,19
100,7,30,physical_scale,15,1000,200,0.48380576425570376,0.03591372548827568,1.2124251561361479,0.3600589961057915,29
100,8,30,physical_scale,15,1000,200,0.391417864200571,0.018824175153808746,1.3231304718443522,0.3970736093190101,28
100,9,30,physical_scale,15,1000,200,0.4757057392208369,0.025966618311022895,0.9134603241031528,0.2955185306855647,22
100,0,25,physical_scale,15,1000,200,0.43024402302223475,0.03300240955910299,1.7452528919883668,0.5035735384737476,32
100,1,25,physical_scale,15,1000,200,0.5135726729838673,0.054830214263613244,1.8911439130248273,0.5456687889856535,32
100,2,25,physical_scale,15,1000,200,0.4792918109984171,0.07404435976743179,2.0283241637996787,0.580100036434348,33
100,3,25,physical_scale,15,1000,200,0.4912027073141251,0.060774828282670744,2.106523196643769,0.5878364905617951,36
100,4,25,physical_scale,15,1000,200,0.4900525995081536,0.05205386806501737,1.345689949199564,0.44200362346674615,21
100,5,25,physical_scale,15,1000,200,0.46611165403978116,0.01937895327244614,1.8291636471731056,0.5028509475389836,38
100,6,25,physical_scale,15,1000,200,0.5100538677607682,0.11448214379097237,2.390559238771129,0.6836991474339892,33
100,7,25,physical_scale,15,1000,200,0.4051168420840434,0.04956198073873079,2.012306637990504,0.5859971275845819,31
100,8,25,physical_scale,15,1000,200,0.555971371735511,0.0822069249807377,1.756257306190689,0.545612009205916,25
100,9,25,physical_scale,15,1000,200,0.39446868070901187,0.052017142595433746,1.9239915160342957,0.5656806412964033,30
100,0,20,physical_scale,15,1000,200,0.3815797102200582,0.02974721494446942,2.494837950225572,0.6633090166662206,43
100,1,20,physical_scale,15,1000,200,0.45781162858664537,0.04575504374517514,1.958931187714602,0.5509815505641276,35
100,2,20,physical_scale,15,1000,200,0.49530420442673573,0.05618985172170533,2.556375834831801,0.6883872963587088,41
100,3,20,physical_scale,15,1000,200,0.4722061672025092,0.04580070193546071,2.3334134451163404,0.6617058660983985,34
100,4,20,physical_scale,15,1000,200,0.5605561397920599,0.0666054814698501,2.051597074642476,0.6156876231268905,28
100,5,20,physical_scale,15,1000,200,0.38786523450922716,0.04043007912886114,2.4194705731477457,0.6604148658734281,39
100,6,20,physical_scale,15,1000,200,0.5221543462373116,0.0454833181959678,2.3979174188904233,0.6457172166901041,41
100,7,20,physical_scale,15,1000,200,0.09212316422706679,0.018192996220329483,3.0764463315476744,0.8457384090605514,38
100,8,20,physical_scale,15,1000,200,0.5365288866652926,0.05340399612852046,2.34782444626758,0.6502015562431607,37
100,9,20,physical_scale,15,1000,200,0.46772506450892637,0.05976269587725424,2.3303837000119776,0.6664889633570775,33
100,0,15,physical_scale,15,1000,200,0.4372765626814523,0.05048872528759646,2.7586364234761414,0.7380632065450247,42
100,1,15,physical_scale,15,1000,200,0.4419504162522957,0.052163886312812435,3.2111314073357238,0.8387130250120488,46
100,2,15,physical_scale,15,1000,200,0.5158629945063091,0.05674455040949937,2.603440736621406,0.710631071097657,39
100,3,15,physical_scale,15,1000,200,0.35237731089101,0.03852097380121292,3.1121153651556965,0.8128510985671156,46
100,4,15,physical_scale,15,1000,200,0.41448621333731916,0.04320437006516889,2.910611355891553,0.7837767259151751,41
100,5,15,physical_scale,15,1000,200,0.32780447694126247,0.04330751489765207,3.001370518980226,0.755957139759775,53
100,6,15,physical_scale,15,1000,200,0.5276998596512046,0.052344291934075936,3.0267456891455353,0.781862187113784,48
100,7,15,physical_scale,15,1000,200,0.43952246067105727,0.04563808250996914,3.0649170442897167,0.7875278942806406,49
100,8,15,physical_scale,15,1000,200,0.3476749937436535,0.02621671468906679,2.752459724049607,0.7513070585170666,39
100,9,15,physical_scale,15,1000,200,0.27372857333921174,0.03257802146372941,3.331845175996063,0.85169365603754,50
100,0,10,physical_scale,15,1000,200,0.33175074026102636,0.057158159325585184,3.5832397102359477,0.8862711533596563,57
100,1,10,physical_scale,15,1000,200,0.5144042674491514,0.044466454558978546,3.668702414367493,0.8664643674844105,69
100,2,10,physical_scale,15,1000,200,0.4017425318227298,0.05403702125839934,3.4485353728218375,0.864514706643681,54
100,3,10,physical_scale,15,1000,200,0.47441596482421633,0.05695996141000589,3.707170882507062,0.8816746473714961,67
100,4,10,physical_scale,15,1000,200,0.20314973709127815,0.045633367009765544,3.738324464421919,0.9168093526668191,59
100,5,10,physical_scale,15,1000,200,0.11438901946426439,0.03406499775813154,3.850145407881246,0.9189648419619018,66
100,6,10,physical_scale,15,1000,200,0.39055355512096857,0.06175238939190974,3.844237496164615,0.9110630350191932,68
100,7,10,physical_scale,15,1000,200,0.38045511573038115,0.0684627166633149,3.7424838163894325,0.8932678339454988,66
100,8,10,physical_scale,15,1000,200,0.27155268965254953,0.051968058166985395,3.8736952007126395,0.900008507498863,74
100,9,10,physical_scale,15,1000,200,0.23937137640105155,0.04555508805166222,3.7577550787380036,0.900193210591108,65
100,0,5,physical_scale,15,1000,200,0.40314535485178427,0.0712193222923799,4.088532326814544,0.9131616619937103,88
100,1,5,physical_scale,15,1000,200,0.2544047856536744,0.06320436483458024,4.030793566777088,0.9121835170214467,83
100,2,5,physical_scale,15,1000,200,0.28901707040608704,0.08047225912891155,4.217333404706319,0.9349290082330268,91
100,3,5,physical_scale,15,1000,200,0.2237808871951219,0.07053619560194184,4.120465395780839,0.9274789214573632,85
100,4,5,physical_scale,15,1000,200,0.2672514131199649,0.0729251048872605,4.149776722889073,0.9133848719399373,94
100,5,5,physical_scale,15,1000,200,0.3748228261503874,0.07897505271196502,3.9277350198340537,0.9042152302848603,77
100,6,5,physical_scale,15,1000,200,0.3850815109445709,0.06843993248472888,4.113350341254583,0.9141165166109532,90
100,7,5,physical_scale,15,1000,200,0.526285067694657,0.0837135761348881,3.886917072493447,0.9148926504666399,70
100,8,5,physical_scale,15,1000,200,0.28182393422722485,0.0653391657125677,4.043788470910204,0.9054795493930697,87
100,9,5,physical_scale,15,1000,200,0.29027209097300544,0.07941489801479351,4.065539788864473,0.9225774461099174,82
100,0,0,physical_scale,15,1000,200,0.43235248375401136,0.13005895141398963,4.425478735475877,0.943327769880298,109
100,1,0,physical_scale,15,1000,200,0.41793217111607106,0.10073942455124689,4.126982021954021,0.9194289049082182,89
100,2,0,physical_scale,15,1000,200,0.4606091920128732,0.11698814975668824,4.176348698416638,0.9236054776232286,92
100,3,0,physical_scale,15,1000,200,0.439318193276121,0.11786487696453875,4.283207714772515,0.9261044091913131,102
100,4,0,physical_scale,15,1000,200,0.4479099290800317,0.11426422911712675,4.301919734792914,0.9281922946774398,103
100,5,0,physical_scale,15,1000,200,0.434753608291361,0.1084673854057746,4.319807205303926,0.9244522661402744,107
100,6,0,physical_scale,15,1000,200,0.4340339311360406,0.12382514818634395,4.286627218443874,0.9268437656825637,102
100,7,0,physical_scale,15,1000,200,0.39228876449746874,0.10334687425234591,4.127928746300385,0.9219607363359501,88
100,8,0,physical_scale,15,1000,200,0.5023808818282394,0.10250929669904944,4.186304733050899,0.897686160056516,106
100,9,0,physical_scale,15,1000,200,0.3734221160482376,0.11106864123121976,4.336736323117012,0.9396799730996446,101
100,0,-5,physical_scale,15,1000,200,0.6079479525778226,0.17677157007490102,4.429940880702656,0.9319147639169161,116
100,1,-5,physical_scale,15,1000,200,0.6236171921611287,0.16285037677664288,4.456906530175902,0.9325782304223651,119
100,2,-5,physical_scale,15,1000,200,0.5868151398383326,0.1742091301871183,4.386329685423173,0.9386882851505679,107
100,3,-5,physical_scale,15,1000,200,0.6443667182853707,0.1822802580236327,4.32494179016857,0.9312182983926136,104
100,4,-5,physical_scale,15,1000,200,0.5995373983801131,0.17019019991734852,4.462235147004442,0.9370164147929108,117
100,5,-5,physical_scale,15,1000,200,0.6113811990136588,0.15101216200400924,4.34893704724081,0.9252111930708293,110
100,6,-5,physical_scale,15,1000,200,0.6178893208276055,0.1655395402887367,4.401841706210541,0.9328902742753777,112
100,7,-5,physical_scale,15,1000,200,0.5613119163988576,0.20481857004756818,4.38097946230068,0.9338423779860494,109
100,8,-5,physical_scale,15,1000,200,0.698725620493676,0.18254182479958192,4.264702678600352,0.9386806014091701,94
100,9,-5,physical_scale,15,1000,200,0.5955319416867662,0.16706734455731462,4.523622128928514,0.9338248189409978,127
